Line,Match
12,name
14,name
15,name
16,name
17,name
18,name
22,name
44,name
57,name
63,name
64,name
129,name
133,name
170,name
219,name
264,name
269,name
275,name
276,name
311,name
313,name
316,name
320,name
323,name
325,name
328,name
332,name
335,name
337,name
340,name
344,name
347,name
349,name
352,name
356,name
358,name
361,name
362,name
364,name
367,name
371,name
374,name
376,name
379,name
383,name
386,name
386,name
388,name
388,name
391,name
391,name
395,name
395,name
497,name
515,name
526,name
526,name
526,name
526,name
526,name
526,name
526,name
526,name
526,name
526,name
526,name
526,name
526,name
526,name
526,name
526,name
526,name
526,name
526,name
526,name
526,name
526,name
526,name
526,name
526,name
526,name
526,name
526,name
526,name
526,name
526,name
526,name
526,name
526,name
526,name
526,name
526,name
526,name
526,name
526,name
526,name
526,name
526,name
526,name
526,name
526,name
526,name
526,name
526,name
526,name
526,name
526,name
526,name
526,name
526,name
526,name
526,name
526,name
526,name
526,name
526,name
526,name
526,name
526,name
526,name
526,name
526,name
526,name
526,name
526,name
526,name
526,name
526,name
526,name
526,name
526,name
526,name
526,name
526,name
526,name
526,name
526,name
526,name
526,name
526,name
526,name
526,name
526,name
526,name
526,name
526,name
526,name
526,name
526,name
526,name
526,name
526,name
526,name
526,name
526,name
526,name
526,name
526,name
526,name
526,name
526,name
526,name
526,name
526,name
526,name
526,name
526,name
552,name
595,name
606,name
612,name
613,name
697,name
703,name
704,name
732,name
732,name
732,name
732,name
732,name
732,name
732,name
732,name
732,name
732,name
732,name
732,name
732,name
732,name
736,name
740,name
740,name
740,name
740,name
740,name
740,name
740,name
740,name
740,name
740,name
740,name
740,name
750,name
750,name
750,name
751,name
751,name
751,name
753,name
755,name
755,name
756,name
756,name
756,name
757,name
758,name
758,name
758,name
758,name
758,name
758,name
758,name
758,name
758,name
758,name
758,name
758,name
758,name
758,name
758,name
758,name
758,name
758,name
758,name
758,name
758,name
758,name
758,name
758,name
759,name
759,name
759,name
759,name
759,name
759,name
759,name
759,name
760,name
760,name
760,name
760,name
760,name
760,name
760,name
760,name
760,name
760,name
760,name
760,name
760,name
761,name
761,name
761,name
761,name
761,name
761,name
761,name
761,name
761,name
763,name
763,name
842,name
842,name
842,name
842,name
849,name
852,name
854,name
854,name
854,name
857,name
859,name
859,name
859,name
862,name
864,name
864,name
864,name
867,name
869,name
872,name
874,name
874,name
874,name
887,name
894,name
894,name
894,name
899,name
899,name
899,name
902,name
911,name
959,name
963,name
963,name
965,name
965,name
967,name
967,name
969,name
969,name
969,name
970,name
971,name
971,name
971,name
971,name
971,name
971,name
971,name
973,name
973,name
974,name
974,name
974,name
975,name
975,name
975,name
975,name
975,name
976,name
976,name
976,name
976,name
976,name
978,name
978,name
979,name
979,name
979,name
980,name
980,name
980,name
980,name
981,name
981,name
981,name
981,name
981,name
981,name
982,name
984,name
984,name
984,name
984,name
984,name
984,name
985,name
985,name
985,name
986,name
987,name
987,name
990,name
990,name
990,name
991,name
991,name
991,name
991,name
991,name
991,name
992,name
992,name
992,name
992,name
996,name
996,name
996,name
996,name
996,name
996,name
997,name
999,name
999,name
999,name
1000,name
1001,name
1001,name
1006,name
1007,name
1007,name
1007,name
1008,name
1008,name
1008,name
1013,name
1014,name
1014,name
1014,name
1018,name
1018,name
1018,name
1020,name
1020,name
1020,name
1020,name
1020,name
1022,name
1022,name
1022,name
1022,name
1022,name
1022,name
1022,name
1022,name
1022,name
1022,name
1024,name
1024,name
1024,name
1038,name
1038,name
1038,name
1038,name
1038,name
1038,name
1038,name
1038,name
1042,name
1042,name
1044,name
1048,name
1048,name
1062,name
1062,name
1063,name
1075,name
1077,name
1078,name
1078,name
1079,name
1151,name
1151,name
1151,name
1151,name
1151,name
1151,name
1151,name
1151,name
1151,name
1151,name
1151,name
1151,name
1152,name
1152,name
1152,name
1153,name
1153,name
1153,name
1154,name
1154,name
1154,name
1156,name
1156,name
1157,name
1157,name
1160,name
1160,name
1160,name
1161,name
1161,name
1162,name
1162,name
1162,name
1163,name
1163,name
1163,name
1164,name
1164,name
1167,name
1167,name
1176,name
1176,name
1178,name
1178,name
1178,name
1182,name
1182,name
1182,name
1183,name
1183,name
1184,name
1184,name
1185,name
1185,name
1188,name
1188,name
1188,name
1189,name
1189,name
1189,name
1190,name
1190,name
1190,name
1191,name
1191,name
1191,name
1193,name
1193,name
1193,name
1194,name
1194,name
1194,name
1195,name
1195,name
1195,name
1196,name
1196,name
1196,name
1197,name
1197,name
1197,name
1198,name
1198,name
1198,name
1200,name
1200,name
1200,name
1202,name
1202,name
1202,name
1203,name
1203,name
1205,name
1205,name
1207,name
1207,name
1207,name
1209,name
1209,name
1209,name
1211,name
1211,name
1211,name
1212,name
1212,name
1213,name
1213,name
1214,name
1214,name
1214,name
1215,name
1215,name
1215,name
1216,name
1216,name
1217,name
1217,name
1218,name
1218,name
1219,name
1219,name
1221,name
1221,name
1223,name
1223,name
1224,name
1224,name
1225,name
1225,name
1226,name
1226,name
1227,name
1227,name
1227,name
1227,name
1227,name
1229,name
1229,name
1230,name
1230,name
1231,name
1231,name
1232,name
1232,name
1233,name
1233,name
1235,name
1235,name
1236,name
1236,name
1237,name
1237,name
1238,name
1238,name
1239,name
1239,name
1240,name
1240,name
1241,name
1241,name
1242,name
1242,name
1243,name
1243,name
1244,name
1244,name
1245,name
1245,name
1246,name
1246,name
1249,name
1249,name
1250,name
1250,name
1252,name
1252,name
1254,name
1254,name
1257,name
1257,name
1258,name
1258,name
1259,name
1259,name
1260,name
1260,name
1261,name
1261,name
1263,name
1263,name
1264,name
1264,name
1266,name
1266,name
1267,name
1267,name
1268,name
1268,name
1269,name
1269,name
1270,name
1270,name
1271,name
1271,name
1272,name
1272,name
1273,name
1273,name
1275,name
1275,name
1276,name
1276,name
1277,name
1277,name
1278,name
1278,name
1279,name
1279,name
1280,name
1280,name
1281,name
1281,name
1283,name
1283,name
1284,name
1284,name
1285,name
1285,name
1286,name
1286,name
1289,name
1289,name
1292,name
1292,name
1295,name
1295,name
1296,name
1296,name
1297,name
1297,name
1298,name
1298,name
1299,name
1299,name
1300,name
1300,name
1301,name
1301,name
1302,name
1302,name
1303,name
1303,name
1304,name
1304,name
1306,name
1306,name
1307,name
1307,name
1308,name
1308,name
1309,name
1309,name
1311,name
1311,name
1312,name
1312,name
1313,name
1313,name
1315,name
1315,name
1316,name
1316,name
1317,name
1317,name
1318,name
1318,name
1319,name
1319,name
1320,name
1320,name
1321,name
1321,name
1323,name
1323,name
1324,name
1324,name
1325,name
1325,name
1326,name
1326,name
1327,name
1327,name
1328,name
1328,name
1329,name
1329,name
1330,name
1330,name
1331,name
1331,name
1332,name
1332,name
1333,name
1333,name
1334,name
1334,name
1335,name
1335,name
1336,name
1336,name
1337,name
1337,name
1338,name
1338,name
1340,name
1340,name
1341,name
1341,name
1342,name
1342,name
1343,name
1343,name
1344,name
1344,name
1345,name
1345,name
1346,name
1346,name
1347,name
1347,name
1347,name
1348,name
1348,name
1349,name
1349,name
1350,name
1350,name
1351,name
1351,name
1351,name
1352,name
1352,name
1353,name
1353,name
1362,name
1362,name
1402,name
1402,name
1402,name
1403,name
1420,name
1420,name
1420,name
1503,name
1518,name
1521,name
1532,name
1550,name
1554,name
1558,name
1562,name
1566,name
1570,name
1574,name
1580,name
1584,name
1601,name
1602,name
1602,name
1602,name
